{
  "multipart": [
    {
      "apply": {
        "model": "minecraft:block/oak_fence_post"
      }
    },
    {
      "apply": {
        "model": "minecraft:block/oak_fence_side",
        "uvlock": true
      },
      "when": {
        "north": "true"
      }
    },
    {
      "apply": {
        "model": "minecraft:block/oak_fence_side",
        "uvlock": true,
        "y": 90
      },
      "when": {
        "east": "true"
      }
    },
    {
      "apply": {
        "model": "minecraft:block/oak_fence_side",
        "uvlock": true,
        "y": 180
      },
      "when": {
        "south": "true"
      }
    },
    {
      "apply": {
        "model": "minecraft:block/oak_fence_side",
        "uvlock": true,
        "y": 270
      },
      "when": {
        "west": "true"
      }
    }
  ],
  "display": {
    "gui": {
      "rotation": [30, 135, 0],
      "scale": [0.625, 0.625, 0.625]
    },
    "fixed": {
      "rotation": [0, 90, 0],
      "scale": [0.5, 0.5, 0.5]
    }
  }
}
